<?xml version="1.0" encoding="UTF-8"?>
<MF0 version="1.1" packageUris="http://schema.mathworks.com/mf0/ci/19700101 http://schema.mathworks.com/mf0/sl_modelref_info/R2021b http://schema.mathworks.com/mf0/slexec_mm_sto/R2021b_202103041117">
  <ModelRefInfoRepo.ModelRefInfoRoot type="ModelRefInfoRepo.ModelRefInfoRoot" uuid="233c3cfb-64c9-473f-86ce-773a082d89d0">
    <allEdges type="ModelRefInfoRepo.SampleTimeGraphEdge" uuid="73cf6c5d-4817-49a6-88a5-437c25f51b9a">
      <srcNodeIdx>5</srcNodeIdx>
    </allEdges>
    <allEdges type="ModelRefInfoRepo.SampleTimeGraphEdge" uuid="0f86542f-2927-4bb1-b084-05c0dbbf4786">
      <dstNodeIdx>1</dstNodeIdx>
      <srcNodeIdx>5</srcNodeIdx>
    </allEdges>
    <allEdges type="ModelRefInfoRepo.SampleTimeGraphEdge" uuid="a953c67d-9e2d-47fb-a047-3c609e0d9349">
      <dstNodeIdx>2</dstNodeIdx>
      <srcNodeIdx>5</srcNodeIdx>
    </allEdges>
    <allEdges type="ModelRefInfoRepo.SampleTimeGraphEdge" uuid="6c7b3cab-00e5-4f93-af10-56829898cb63">
      <dstNodeIdx>3</dstNodeIdx>
      <srcNodeIdx>5</srcNodeIdx>
    </allEdges>
    <allEdges type="ModelRefInfoRepo.SampleTimeGraphEdge" uuid="eb2c189c-03e2-4e84-b863-44e9aa2b97b1">
      <dstNodeIdx>4</dstNodeIdx>
      <srcNodeIdx>5</srcNodeIdx>
    </allEdges>
    <allEdges type="ModelRefInfoRepo.SampleTimeGraphEdge" uuid="b7a000cc-050f-4b2a-b771-a24f4f892d01">
      <dstNodeIdx>6</dstNodeIdx>
      <srcNodeIdx>5</srcNodeIdx>
    </allEdges>
    <childModelRefInfo type="ModelRefInfoRepo.ChildModelRefInfo" uuid="8b2a2584-4b62-44b9-be6b-0928a6b3947c">
      <modelName>SeatBeltIndication</modelName>
      <modelPath>SeatBeltIndication</modelPath>
    </childModelRefInfo>
    <dataTransferInfos>AAFJTQAAAAAOAAAAOAAAAAYAAAAIAAAAAgAAAAAAAAAFAAAACAAAAAAAAAABAAAAAQAAAAAAAAAFAAQAAQAAAAEAAAAAAAAA</dataTransferInfos>
    <fcnCallPortGroups type="ModelRefInfoRepo.FcnCallPortGroup" uuid="1c1b8120-619d-42d9-8367-9ebe89a28648">
      <compFcnCallInputPort>5</compFcnCallInputPort>
      <fcnCallInputPort>5</fcnCallInputPort>
      <hasDisableMethod>true</hasDisableMethod>
      <hasEnableMethod>true</hasEnableMethod>
      <hasTaskPriority>true</hasTaskPriority>
      <isAsync>true</isAsync>
      <isPeriodicFcnCall>true</isPeriodicFcnCall>
      <schedulingPriority>2147483647</schedulingPriority>
      <taskPriority>40</taskPriority>
      <tid>1</tid>
      <compDataInputPorts>0</compDataInputPorts>
      <compDataInputPorts>1</compDataInputPorts>
      <compDataInputPorts>2</compDataInputPorts>
      <compDataInputPorts>3</compDataInputPorts>
      <compDataInputPorts>4</compDataInputPorts>
      <compDataOutputPorts>0</compDataOutputPorts>
      <dataInputPorts>0</dataInputPorts>
      <dataInputPorts>1</dataInputPorts>
      <dataInputPorts>2</dataInputPorts>
      <dataInputPorts>3</dataInputPorts>
      <dataInputPorts>4</dataInputPorts>
      <dataOutputPorts>0</dataOutputPorts>
      <preCompRateSpec type="ModelRefInfoRepo.RateSpec" uuid="158a16b8-2075-43c0-9456-ead582a49be4">
        <period>1.0</period>
      </preCompRateSpec>
      <simulinkFunctionName type="ModelRefInfoRepo.QualifiedFunctionName" uuid="99437dc9-5014-446f-942c-9eb0c02384e3"/>
    </fcnCallPortGroups>
    <fundamentalSampleTimePeriod>1.0</fundamentalSampleTimePeriod>
    <globalVariables>Ts</globalVariables>
    <hasBlockWithPeriodicDiscreteSampleTime>true</hasBlockWithPeriodicDiscreteSampleTime>
    <hasBwsAccessed>true</hasBwsAccessed>
    <hasBwsAccessedByAnyModel>true</hasBwsAccessedByAnyModel>
    <hasStatesModifiedInOutputUpdate>true</hasStatesModifiedInOutputUpdate>
    <inports type="ModelRefInfoRepo.InportInformation" uuid="f6ce4caa-0d9a-4dc5-9f47-18bb54074281">
      <isNotDerivPort>true</isNotDerivPort>
      <designMax>Inf</designMax>
      <designMin>-Inf</designMin>
      <indexType>2</indexType>
      <rateInfos type="ModelRefInfoRepo.RateInfo">
        <compiled>true</compiled>
        <period>1.0</period>
        <priority>41</priority>
        <rateIdx>1</rateIdx>
        <taskedExplicitly>true</taskedExplicitly>
      </rateInfos>
      <resolvedSignalObject></resolvedSignalObject>
      <autosarInfo type="ModelRefInfoRepo.AUTOSARInportInfo" uuid="ba3e5c7d-7db8-40a7-8e9d-13536efc0112">
        <ElementName>RPort_Key</ElementName>
        <PortName>RPort_Key</PortName>
      </autosarInfo>
      <sigNameToEMVCEMap type="ModelRefInfoRepo.SigNameEMVCEInfo" uuid="e694c063-4128-4074-b354-432b9335baf2"/>
    </inports>
    <inports type="ModelRefInfoRepo.InportInformation" uuid="49705a0b-26fe-43ba-8add-1526bcca1163">
      <isNotDerivPort>true</isNotDerivPort>
      <designMax>Inf</designMax>
      <designMin>-Inf</designMin>
      <indexType>2</indexType>
      <originalPortNumber>1</originalPortNumber>
      <rateInfos type="ModelRefInfoRepo.RateInfo">
        <compiled>true</compiled>
        <period>1.0</period>
        <priority>41</priority>
        <rateIdx>1</rateIdx>
        <taskedExplicitly>true</taskedExplicitly>
      </rateInfos>
      <resolvedSignalObject></resolvedSignalObject>
      <autosarInfo type="ModelRefInfoRepo.AUTOSARInportInfo" uuid="987fa364-61ef-4e20-a00e-cc77f5603ff0">
        <ElementName>RPort_SeatBeltFasten</ElementName>
        <PortName>RPort_SeatBeltFasten</PortName>
      </autosarInfo>
      <sigNameToEMVCEMap type="ModelRefInfoRepo.SigNameEMVCEInfo" uuid="aef14d3f-def0-4be4-83fe-158c4e3f19f2"/>
    </inports>
    <inports type="ModelRefInfoRepo.InportInformation" uuid="c8d28e82-87b5-4f32-8937-02e7fc379f11">
      <isNotDerivPort>true</isNotDerivPort>
      <designMax>Inf</designMax>
      <designMin>-Inf</designMin>
      <indexType>2</indexType>
      <originalPortNumber>2</originalPortNumber>
      <rateInfos type="ModelRefInfoRepo.RateInfo">
        <compiled>true</compiled>
        <period>1.0</period>
        <priority>41</priority>
        <rateIdx>1</rateIdx>
        <taskedExplicitly>true</taskedExplicitly>
      </rateInfos>
      <resolvedSignalObject></resolvedSignalObject>
      <autosarInfo type="ModelRefInfoRepo.AUTOSARInportInfo" uuid="971e64ab-9e21-440f-a79e-3e1b62dfe92a">
        <ElementName>RPort_Speed</ElementName>
        <PortName>RPort_Speed</PortName>
      </autosarInfo>
      <sigNameToEMVCEMap type="ModelRefInfoRepo.SigNameEMVCEInfo" uuid="e6a63076-9c77-403d-ab22-99140a4a56b4"/>
    </inports>
    <inports type="ModelRefInfoRepo.InportInformation" uuid="5e26d6d9-af0e-49ad-be62-996561aaa239">
      <isNotDerivPort>true</isNotDerivPort>
      <designMax>Inf</designMax>
      <designMin>-Inf</designMin>
      <indexType>2</indexType>
      <originalPortNumber>3</originalPortNumber>
      <rateInfos type="ModelRefInfoRepo.RateInfo">
        <compiled>true</compiled>
        <period>1.0</period>
        <priority>41</priority>
        <rateIdx>1</rateIdx>
        <taskedExplicitly>true</taskedExplicitly>
      </rateInfos>
      <resolvedSignalObject></resolvedSignalObject>
      <autosarInfo type="ModelRefInfoRepo.AUTOSARInportInfo" uuid="86cd54a2-39d0-4767-8408-90400a628f6b">
        <ElementName>RPort_SpeedLimit</ElementName>
        <PortName>RPort_SpeedLimit</PortName>
      </autosarInfo>
      <sigNameToEMVCEMap type="ModelRefInfoRepo.SigNameEMVCEInfo" uuid="5139a8ba-9419-4d21-abf1-bfd78c02b2ee"/>
    </inports>
    <inports type="ModelRefInfoRepo.InportInformation" uuid="940f6a30-2f80-48a5-983a-b048d56a9436">
      <isNotDerivPort>true</isNotDerivPort>
      <designMax>Inf</designMax>
      <designMin>-Inf</designMin>
      <indexType>2</indexType>
      <originalPortNumber>4</originalPortNumber>
      <rateInfos type="ModelRefInfoRepo.RateInfo">
        <compiled>true</compiled>
        <period>1.0</period>
        <priority>41</priority>
        <rateIdx>1</rateIdx>
        <taskedExplicitly>true</taskedExplicitly>
      </rateInfos>
      <resolvedSignalObject></resolvedSignalObject>
      <autosarInfo type="ModelRefInfoRepo.AUTOSARInportInfo" uuid="2a159268-7e0a-4184-9685-94bbed912658">
        <ElementName>RPort_BlinkPeriod</ElementName>
        <PortName>RPort_BlinkPeriod</PortName>
      </autosarInfo>
      <sigNameToEMVCEMap type="ModelRefInfoRepo.SigNameEMVCEInfo" uuid="a07bcb8c-a137-4d46-b64c-a062fc03dcf7"/>
    </inports>
    <inports type="ModelRefInfoRepo.InportInformation" uuid="9b38e37f-f6a7-45f2-8f82-7d2a245bc9db">
      <hasSystemInitMethod>true</hasSystemInitMethod>
      <isFunctionCallInitiator>true</isFunctionCallInitiator>
      <isNotDerivPort>true</isNotDerivPort>
      <designMax>Inf</designMax>
      <designMin>-Inf</designMin>
      <indexType>2</indexType>
      <originalPortNumber>5</originalPortNumber>
      <rateInfos type="ModelRefInfoRepo.RateInfo">
        <compiled>true</compiled>
        <period>1.0</period>
        <priority>41</priority>
        <rateIdx>1</rateIdx>
        <taskedExplicitly>true</taskedExplicitly>
      </rateInfos>
      <resolvedSignalObject></resolvedSignalObject>
      <autosarInfo type="ModelRefInfoRepo.AUTOSARInportInfo" uuid="6722fc84-4ea3-4f4a-a3e3-987ef9297d64"/>
      <sigNameToEMVCEMap type="ModelRefInfoRepo.SigNameEMVCEInfo" uuid="f9c1a610-a7cc-4510-9c5c-30e2658188ac"/>
    </inports>
    <isBdInSimModeForSimCodegenVariants>false</isBdInSimModeForSimCodegenVariants>
    <isInlineParamsOn>true</isInlineParamsOn>
    <isOrigInportVirtualBus>false</isOrigInportVirtualBus>
    <isOrigInportVirtualBus>false</isOrigInportVirtualBus>
    <isOrigInportVirtualBus>false</isOrigInportVirtualBus>
    <isOrigInportVirtualBus>false</isOrigInportVirtualBus>
    <isOrigInportVirtualBus>false</isOrigInportVirtualBus>
    <isOrigInportVirtualBus>false</isOrigInportVirtualBus>
    <isOrigOutportVirtualBus>false</isOrigOutportVirtualBus>
    <loggingSaveFormat>2</loggingSaveFormat>
    <maxFreqHz>-1.0</maxFreqHz>
    <numDataInputPorts>6</numDataInputPorts>
    <numInportFcnCallPortGroups>1</numInportFcnCallPortGroups>
    <numLoggableJacobianDStates>0</numLoggableJacobianDStates>
    <origInportBusType></origInportBusType>
    <origInportBusType></origInportBusType>
    <origInportBusType></origInportBusType>
    <origInportBusType></origInportBusType>
    <origInportBusType></origInportBusType>
    <origInportBusType></origInportBusType>
    <origOutportBusOutputAsStruct>false</origOutportBusOutputAsStruct>
    <origOutportBusType></origOutportBusType>
    <outports type="ModelRefInfoRepo.OutportInformation" uuid="0a730ad2-c63b-4d13-a979-676af0db79a3">
      <drivenByOutputPortWithCGInit>true</drivenByOutputPortWithCGInit>
      <hasSystemInitMethod>true</hasSystemInitMethod>
      <isInitializedWithIC>true</isInitializedWithIC>
      <designMax>Inf</designMax>
      <designMin>-Inf</designMin>
      <rateInfos type="ModelRefInfoRepo.RateInfo">
        <compiled>true</compiled>
        <period>1.0</period>
        <priority>41</priority>
        <rateIdx>1</rateIdx>
        <taskedExplicitly>true</taskedExplicitly>
      </rateInfos>
      <resolvedSignalObject></resolvedSignalObject>
      <autosarInfo type="ModelRefInfoRepo.AUTOSAROutportInfo" uuid="10ab1cec-f004-4167-b1ef-07792f98fa2a">
        <ElementName>PPort_SeatBeltIcon</ElementName>
        <PortName>PPort_SeatBeltIcon</PortName>
      </autosarInfo>
      <sigNameToEMVCEMap type="ModelRefInfoRepo.SigNameEMVCEInfo" uuid="3a3cbb48-453a-460a-b5e0-7e8c52ff147a"/>
    </outports>
    <removeResetFunc>true</removeResetFunc>
    <runtimeNonFcnCallRateInfos type="ModelRefInfoRepo.RateInfo">
      <compiled>true</compiled>
      <isEmpty>true</isEmpty>
      <period>1.0</period>
      <priority>40</priority>
      <rateIdx>0</rateIdx>
    </runtimeNonFcnCallRateInfos>
    <runtimeNonFcnCallRateInfos type="ModelRefInfoRepo.RateInfo">
      <compiled>true</compiled>
      <period>1.0</period>
      <priority>41</priority>
      <rateIdx>1</rateIdx>
      <taskedExplicitly>true</taskedExplicitly>
    </runtimeNonFcnCallRateInfos>
    <sampleTimeInheritanceRule>2</sampleTimeInheritanceRule>
    <solverStatusFlags>323</solverStatusFlags>
    <timingAndTaskingRegistry>&lt;?xml version=&quot;1.0&quot;?&gt;
&lt;slexec_sto version=&quot;1.1&quot; packageUris=&quot;http://schema.mathworks.com/mf0/slexec_mm_sto/R2021b_202103041117&quot;&gt;
  &lt;sto.Registry type=&quot;sto.Registry&quot; uuid=&quot;cc68b933-2faf-47e7-a4b7-12f27dbb7871&quot;&gt;
    &lt;clocks type=&quot;sto.Timer&quot; uuid=&quot;6a5fedb8-97bc-4657-be6d-6c79d4a12f94&quot;&gt;
      &lt;computedFundamentalDiscretePeriod&gt;1.0&lt;/computedFundamentalDiscretePeriod&gt;
      &lt;resolution&gt;1.0&lt;/resolution&gt;
      &lt;clockTickConstraint&gt;PeriodicWithFixedResolution&lt;/clockTickConstraint&gt;
      &lt;specifiedTaskingMode&gt;ClassicMultiTasking&lt;/specifiedTaskingMode&gt;
      &lt;timeAdvanceMode&gt;FixedStep&lt;/timeAdvanceMode&gt;
      &lt;clockDomain type=&quot;sto.ClockDomain&quot; uuid=&quot;222d3a05-e9ea-44d4-b14d-f0df63af5072&quot;&gt;
        &lt;baseTaskID&gt;_task0&lt;/baseTaskID&gt;
        &lt;rates type=&quot;sto.Rate&quot; uuid=&quot;fe826a0b-3552-44a8-aae2-eeb28a570f4f&quot;/&gt;
        &lt;rates type=&quot;sto.Rate&quot; uuid=&quot;3ab308c5-d600-4e82-aa5b-eb8594310d86&quot;/&gt;
        &lt;rootTaskHierarchyElements type=&quot;sto.Task&quot; uuid=&quot;bd19adc0-1cb1-42a2-8e67-79035034ceb2&quot;&gt;
          &lt;isExecutable&gt;true&lt;/isExecutable&gt;
          &lt;rates type=&quot;sto.Rate&quot; uuid=&quot;fe826a0b-3552-44a8-aae2-eeb28a570f4f&quot;&gt;
            &lt;annotation&gt;D1&lt;/annotation&gt;
            &lt;colorIndex&gt;2&lt;/colorIndex&gt;
            &lt;description&gt;Discrete 1&lt;/description&gt;
            &lt;eventSourceType&gt;UNSPECIFIED_EVENT_SOURCE&lt;/eventSourceType&gt;
            &lt;registry type=&quot;sto.Registry&quot; uuid=&quot;cc68b933-2faf-47e7-a4b7-12f27dbb7871&quot;/&gt;
            &lt;taskId&gt;_task0&lt;/taskId&gt;
            &lt;rateSpec type=&quot;sto.RateSpec&quot; uuid=&quot;0567acd9-7d22-4697-b336-8ffba55e987c&quot;&gt;
              &lt;period&gt;1.0&lt;/period&gt;
              &lt;rateType&gt;ClassicPeriodicDiscrete&lt;/rateType&gt;
            &lt;/rateSpec&gt;
          &lt;/rates&gt;
          &lt;elementType&gt;Task&lt;/elementType&gt;
          &lt;identifier&gt;_task0&lt;/identifier&gt;
          &lt;priority&gt;40&lt;/priority&gt;
        &lt;/rootTaskHierarchyElements&gt;
        &lt;rootTaskHierarchyElements type=&quot;sto.Task&quot; uuid=&quot;2b06b6fa-a657-4f26-a023-146433caa6c2&quot;&gt;
          &lt;isExecutable&gt;true&lt;/isExecutable&gt;
          &lt;isExplicit&gt;true&lt;/isExplicit&gt;
          &lt;rates type=&quot;sto.Rate&quot; uuid=&quot;3ab308c5-d600-4e82-aa5b-eb8594310d86&quot;&gt;
            &lt;annotation&gt;F0&lt;/annotation&gt;
            &lt;colorIndex&gt;2&lt;/colorIndex&gt;
            &lt;description&gt;Exported Discrete&lt;/description&gt;
            &lt;eventSourceType&gt;UNSPECIFIED_EVENT_SOURCE&lt;/eventSourceType&gt;
            &lt;rateIDX&gt;1&lt;/rateIDX&gt;
            &lt;registry type=&quot;sto.Registry&quot; uuid=&quot;cc68b933-2faf-47e7-a4b7-12f27dbb7871&quot;/&gt;
            &lt;taskId&gt;Runnable_csb&lt;/taskId&gt;
            &lt;rateSpec type=&quot;sto.RateSpec&quot; uuid=&quot;286e0165-c52c-4b5b-8ff3-f278144312b5&quot;&gt;
              &lt;period&gt;1.0&lt;/period&gt;
              &lt;rateType&gt;ClassicPeriodicDiscrete&lt;/rateType&gt;
            &lt;/rateSpec&gt;
          &lt;/rates&gt;
          &lt;tNum&gt;1&lt;/tNum&gt;
          &lt;elementType&gt;Task&lt;/elementType&gt;
          &lt;identifier&gt;Runnable_csb&lt;/identifier&gt;
          &lt;priority&gt;41&lt;/priority&gt;
        &lt;/rootTaskHierarchyElements&gt;
      &lt;/clockDomain&gt;
    &lt;/clocks&gt;
    &lt;executionSpec&gt;Undetermined&lt;/executionSpec&gt;
    &lt;taskDependencyGraph type=&quot;sto.SerializedTaskConnectionList&quot; uuid=&quot;8209675b-0c28-4ed7-87ca-827cdaedff10&quot;&gt;
      &lt;taskIdentifier&gt;_task0&lt;/taskIdentifier&gt;
    &lt;/taskDependencyGraph&gt;
    &lt;taskDependencyGraph type=&quot;sto.SerializedTaskConnectionList&quot; uuid=&quot;e3460312-d9fe-4b1a-90c6-b0419193f98e&quot;&gt;
      &lt;taskIdentifier&gt;Runnable_csb&lt;/taskIdentifier&gt;
    &lt;/taskDependencyGraph&gt;
    &lt;taskPriorityDirection&gt;HighNumberLast&lt;/taskPriorityDirection&gt;
    &lt;taskingMode&gt;ClassicMultiTasking&lt;/taskingMode&gt;
    &lt;tasks type=&quot;sto.Task&quot; uuid=&quot;bd19adc0-1cb1-42a2-8e67-79035034ceb2&quot;/&gt;
    &lt;tasks type=&quot;sto.Task&quot; uuid=&quot;2b06b6fa-a657-4f26-a023-146433caa6c2&quot;/&gt;
    &lt;timeAdvanceMode&gt;FixedStep&lt;/timeAdvanceMode&gt;
  &lt;/sto.Registry&gt;
&lt;/slexec_sto&gt;</timingAndTaskingRegistry>
    <zeroInternalMemoryAtStartupUnchecked>true</zeroInternalMemoryAtStartupUnchecked>
    <FMUBlockMap type="ModelRefInfoRepo.FMUBlockInfo" uuid="7cc3ca2b-776f-4f9b-81ad-c2d18b4310f7"/>
    <codeGenInfo type="ModelRefInfoRepo.CodeGenInformation" uuid="a83ce316-01d8-4cb8-93b5-13eb64894e7c"/>
    <compiledVariantInfos type="ModelRefInfoRepo.CompiledVariantInfoMap" uuid="d0c0b78e-5e37-4e24-96aa-6bc6cb5274b9"/>
    <configSettingsForConsistencyChecks type="ModelRefInfoRepo.ConfigSettingsForConsistencyChecks" uuid="940c764f-fae0-4afa-b6fa-7a969392fa7d">
      <LUTObjectStructOrderEvenSpacing>1</LUTObjectStructOrderEvenSpacing>
      <consistentOutportInitialization>true</consistentOutportInitialization>
      <fixedStepSize>1.0</fixedStepSize>
      <frameDiagnosticSetting>2</frameDiagnosticSetting>
      <hasHybridSampleTime>true</hasHybridSampleTime>
      <isExportFcnDiagram>true</isExportFcnDiagram>
      <isRateGrouped>true</isRateGrouped>
      <optimizedInitCode>true</optimizedInitCode>
      <signalLoggingSaveFormat>2</signalLoggingSaveFormat>
      <simSIMDOptimization>1</simSIMDOptimization>
      <solverMode>SOLVER_MODE_MULTITASKING</solverMode>
      <solverName>FixedStepDiscrete</solverName>
      <solverType>SOLVER_TYPE_FIXEDSTEP</solverType>
      <useDivForNetSlopComp>2</useDivForNetSlopComp>
      <hardwareSettings type="ModelRefInfoRepo.HardwareSettings" uuid="25001d8c-5e28-4f1f-9cd0-cfe95a4c80c5">
        <prodBitPerChar>8</prodBitPerChar>
        <prodBitPerDouble>64</prodBitPerDouble>
        <prodBitPerFloat>32</prodBitPerFloat>
        <prodBitPerInt>32</prodBitPerInt>
        <prodBitPerLong>32</prodBitPerLong>
        <prodBitPerLongLong>64</prodBitPerLongLong>
        <prodBitPerPointer>32</prodBitPerPointer>
        <prodBitPerPtrDiffT>32</prodBitPerPtrDiffT>
        <prodBitPerShort>16</prodBitPerShort>
        <prodBitPerSizeT>32</prodBitPerSizeT>
        <prodEndianess>1</prodEndianess>
        <prodLargestAtomicFloat>2</prodLargestAtomicFloat>
        <prodShiftRight>true</prodShiftRight>
        <prodWordSize>32</prodWordSize>
      </hardwareSettings>
    </configSettingsForConsistencyChecks>
    <controllableInputRatesMap type="ModelRefInfoRepo.VarTsUIDMap" uuid="5848bd34-021f-4a4b-aebf-c0090f638aec"/>
    <controllableOutputRatesMap type="ModelRefInfoRepo.VarTsUIDMap" uuid="4d370e3b-d3fa-4270-81aa-666d0ac219b4"/>
    <dataPortGroup type="ModelRefInfoRepo.DataPortGroup" uuid="bc166a83-e350-4889-bd21-bcf7e0e2debe"/>
    <expFcnUnconnectedDataPortGroup type="ModelRefInfoRepo.DataPortGroup" uuid="cd7f059d-f7dc-426a-b864-b8970e322815"/>
    <interfaceParameterInfo type="ModelRefInfoRepo.InterfaceParameterInfo" uuid="3064507f-3b81-4f29-ad9c-69507593e5d5"/>
    <messageInfo type="ModelRefInfoRepo.MessageInformation" uuid="ae4f3734-c59c-4c86-b717-330d6e8e05ee"/>
    <methodInfo type="ModelRefInfoRepo.MethodExistenceInfo" uuid="fb0703c4-4b7c-4871-9d65-5e7719c37da3">
      <hasEnableMethod>true</hasEnableMethod>
      <hasSystemInitializeMethod>true</hasSystemInitializeMethod>
      <hasSystemResetMethod>true</hasSystemResetMethod>
      <hasTerminateMethod>true</hasTerminateMethod>
    </methodInfo>
    <periodicEventPortUnsupportedBlockInfo type="ModelRefInfoRepo.PeriodicEventPortUnsupportedBlockInfo" uuid="62e7a6cd-95f8-4add-aaca-57726b9a6dd3"/>
    <portGroupsRequireSameRate type="ModelRefInfoRepo.PortGroupsRequireSameRate" uuid="962fc190-456a-4843-aee1-eb8c35e89da4">
      <DSMPortGroups type="ModelRefInfoRepo.NameToPortGroupIdxVectMap" uuid="d4e671bf-1602-4fb5-8f15-9e120cc359b0"/>
      <GlobalDSMPortGroups type="ModelRefInfoRepo.NameToPortGroupIdxVectMap" uuid="1e80ecb7-e539-4e77-afe1-56c0b3335919"/>
      <mergedPortGroups type="ModelRefInfoRepo.NameToPortGroupIdxVectMap" uuid="dd826a45-80e4-41fc-a401-6274d77184ea"/>
    </portGroupsRequireSameRate>
    <rateBasedMdlGlobalDSMRateSpec type="ModelRefInfoRepo.GlobalDSMRateSpecMap" uuid="31fe7fe5-0a31-427b-84d4-a91de624d3f0"/>
    <rateSpecOfGlobalDSMAccessedByDescExpFcnMdlMap type="ModelRefInfoRepo.GlobalDSMRateSpecMap" uuid="c74785c3-f155-4bbd-8683-dd3ec421bad6"/>
    <rootBlockDiagramInterface type="ci.Model" uuid="3ed8dffb-c028-40ac-bd3a-3d35e99def43">
      <p_RootComponentInterface type="ci.ComponentInterface" uuid="2acbe163-f79b-4e61-9cb1-dd8ce9bf923f">
        <p_InputPorts type="ci.SignalInterface" uuid="b658152a-2506-4f77-9420-72f2b49f9cbe">
          <p_ComputedNumericDimensions>1.0</p_ComputedNumericDimensions>
          <p_ComputedSampleTime>1.0</p_ComputedSampleTime>
          <p_ComputedSampleTime>0.0</p_ComputedSampleTime>
        </p_InputPorts>
        <p_InputPorts type="ci.SignalInterface" uuid="cf7ce2e9-5ecb-4215-8f14-55766ef5504e">
          <p_ComputedNumericDimensions>1.0</p_ComputedNumericDimensions>
          <p_ComputedSampleTime>1.0</p_ComputedSampleTime>
          <p_ComputedSampleTime>0.0</p_ComputedSampleTime>
        </p_InputPorts>
        <p_InputPorts type="ci.SignalInterface" uuid="9d4fdeb5-c7ba-478c-9864-b33d9e60c0c4">
          <p_ComputedNumericDimensions>1.0</p_ComputedNumericDimensions>
          <p_ComputedSampleTime>1.0</p_ComputedSampleTime>
          <p_ComputedSampleTime>0.0</p_ComputedSampleTime>
        </p_InputPorts>
        <p_InputPorts type="ci.SignalInterface" uuid="2218d6b9-1a3a-4dff-aedb-a44774ea3bdd">
          <p_ComputedNumericDimensions>1.0</p_ComputedNumericDimensions>
          <p_ComputedSampleTime>1.0</p_ComputedSampleTime>
          <p_ComputedSampleTime>0.0</p_ComputedSampleTime>
        </p_InputPorts>
        <p_InputPorts type="ci.SignalInterface" uuid="86c9516f-0dde-4c74-8e49-5bdda939a7ec">
          <p_ComputedNumericDimensions>1.0</p_ComputedNumericDimensions>
          <p_ComputedSampleTime>1.0</p_ComputedSampleTime>
          <p_ComputedSampleTime>0.0</p_ComputedSampleTime>
        </p_InputPorts>
        <p_InputPorts type="ci.SignalInterface" uuid="01483768-9fbc-4127-86fd-bd86fc30b611">
          <p_ComputedNumericDimensions>1.0</p_ComputedNumericDimensions>
          <p_ComputedSampleTime>1.0</p_ComputedSampleTime>
          <p_ComputedSampleTime>0.0</p_ComputedSampleTime>
          <p_ComputedType>fcn_call</p_ComputedType>
        </p_InputPorts>
        <p_Name>SeatBeltIndication</p_Name>
        <p_OutputPorts type="ci.SignalInterface" uuid="187331b2-099a-4911-a031-266fb53f3fa2">
          <p_ComputedNumericDimensions>1.0</p_ComputedNumericDimensions>
          <p_ComputedSampleTime>1.0</p_ComputedSampleTime>
          <p_ComputedSampleTime>0.0</p_ComputedSampleTime>
        </p_OutputPorts>
        <p_Type>ROOT</p_Type>
      </p_RootComponentInterface>
    </rootBlockDiagramInterface>
    <simulinkFunctions type="ModelRefInfoRepo.SimulinkFunctions" uuid="dcfa3501-f563-4807-a693-b4fa9347c112">
      <compSimulinkFunctionCatalog></compSimulinkFunctionCatalog>
    </simulinkFunctions>
    <stateWriterToOwnerMap type="ModelRefInfoRepo.StateWriterInfo" uuid="c3d00ec5-1c9a-40cd-8c18-1cbbf32edf9e"/>
    <stoClientDataRegistry type="sto.ClientDataRegistry" uuid="3e556647-5fc1-4b80-9027-ec66a452484e">
      <dataSets type="sto.ClientClockNamedDataSet" uuid="0ff94d3d-0122-4436-a6d6-1c57125f5fd6">
        <tag>sltpEvents</tag>
      </dataSets>
      <dataSets type="sto.ClientTaskHierarchyElementNamedDataSet" uuid="897e52af-be73-4464-a805-41b9a872a4f4">
        <tag>sltpTaskGroups</tag>
      </dataSets>
      <dataSets type="sto.ClientTaskHierarchyElementNamedDataSet" uuid="28783d82-4941-489e-933b-036d3d47b986">
        <dSet type="ModelRefInfoRepo.SltpTaskData" uuid="066c872c-7f69-41b9-baee-212dcfcc2a98"/>
        <tSet type="ModelRefInfoRepo.SltpTaskData" uuid="066c872c-7f69-41b9-baee-212dcfcc2a98">
          <dataName>Runnable_csb</dataName>
          <linkedSet type="sto.ClientTaskHierarchyElementNamedDataSet" uuid="28783d82-4941-489e-933b-036d3d47b986"/>
          <id type="sto.TaskHierarchyElementId">
            <id>Runnable_csb</id>
          </id>
        </tSet>
        <tag>sltpTasks</tag>
      </dataSets>
    </stoClientDataRegistry>
    <varTsUIDMap type="ModelRefInfoRepo.VarTsUIDMap" uuid="6a854983-49da-4011-b74c-872b5bbe3b8e"/>
  </ModelRefInfoRepo.ModelRefInfoRoot>
</MF0>