{
 "baseUrl":"support/slwebview_files",
 "homeHid":1,
 "initialElement":"",
 "sections":[
  {
   "hid":1,
   "sid":"SeatBeltIndication",
   "name":"SeatBeltIndication",
   "fullname":"SeatBeltIndication",
   "label":"SeatBeltIndication",
   "parent":0,
   "descendants":[
    2,
    3
   ],
   "hierarchyUrl":"support/slwebview_files/SeatBeltIndication_h_1.json",
   "backingUrl":"support/slwebview_files/SeatBeltIndication_m.json"
  }
 ],
 "optViews":[
 ],
 "display":{
  "informer":false
 },
 "iconsUrl":"support/slwebview_files/SeatBeltIndication_icons.css"
}