[
 {
  "sid":"SeatBeltIndication:39:11",
  "className":"Stateflow.State",
  "icon":"SeatBeltIndication6",
  "name":"KEY_ON",
  "label":"KEY_ON",
  "parent":"SeatBeltIndication:39",
  "inspector":{
   "params":[
    "HasOutputData",
    "OutputMonitoringMode",
    "InlineOption",
    "LabelString",
    "DataLogging",
    "TestPoint",
    "NameMode",
    "LoggingName",
    "LimitDataPoints",
    "MaxPoints",
    "DecimateData",
    "Decimation",
    "Description",
    "Document"
   ],
   "values":[
    false,
    "ChildActivity",
    "Auto",
    "KEY_ON",
    false,
    false,
    "SignalName",
    "KEY_ON",
    false,
    5000,
    false,
    2,
    "",
    ""
   ],
   "tabs":[
    "General",
    "Logging",
    "Documentation"
   ],
   "tabs_idx":[
    0,
    4,
    12
   ]
  },
  "viewer":{
   "jshandler":"webview/handlers/ElementHandler"
  },
  "obj_viewer":[
  ],
  "finder":[
  ]
 },
 {
  "sid":"SeatBeltIndication:39:22",
  "className":"Stateflow.State",
  "icon":"SeatBeltIndication6",
  "name":"SB_FASTEN",
  "label":"SB_FASTEN",
  "parent":"SeatBeltIndication:39",
  "inspector":{
   "params":[
    "HasOutputData",
    "OutputMonitoringMode",
    "InlineOption",
    "LabelString",
    "DataLogging",
    "TestPoint",
    "NameMode",
    "LoggingName",
    "LimitDataPoints",
    "MaxPoints",
    "DecimateData",
    "Decimation",
    "Description",
    "Document"
   ],
   "values":[
    false,
    "SelfActivity",
    "Auto",
    "SB_FASTEN\nen: SeatBeltIcon=0;",
    false,
    false,
    "SignalName",
    "KEY_ON.SB_FASTEN",
    false,
    5000,
    false,
    2,
    "",
    ""
   ],
   "tabs":[
    "General",
    "Logging",
    "Documentation"
   ],
   "tabs_idx":[
    0,
    4,
    12
   ]
  },
  "viewer":{
   "jshandler":"webview/handlers/ElementHandler"
  },
  "obj_viewer":[
  ],
  "finder":[
  ]
 },
 {
  "sid":"SeatBeltIndication:39:23",
  "className":"Stateflow.State",
  "icon":"SeatBeltIndication6",
  "name":"SB_UNFASTEN",
  "label":"SB_UNFASTEN",
  "parent":"SeatBeltIndication:39",
  "inspector":{
   "params":[
    "HasOutputData",
    "OutputMonitoringMode",
    "InlineOption",
    "LabelString",
    "DataLogging",
    "TestPoint",
    "NameMode",
    "LoggingName",
    "LimitDataPoints",
    "MaxPoints",
    "DecimateData",
    "Decimation",
    "Description",
    "Document"
   ],
   "values":[
    false,
    "ChildActivity",
    "Auto",
    "SB_UNFASTEN",
    false,
    false,
    "SignalName",
    "KEY_ON.SB_UNFASTEN",
    false,
    5000,
    false,
    2,
    "",
    ""
   ],
   "tabs":[
    "General",
    "Logging",
    "Documentation"
   ],
   "tabs_idx":[
    0,
    4,
    12
   ]
  },
  "viewer":{
   "jshandler":"webview/handlers/ElementHandler"
  },
  "obj_viewer":[
  ],
  "finder":[
  ]
 },
 {
  "sid":"SeatBeltIndication:39:26",
  "className":"Stateflow.State",
  "icon":"SeatBeltIndication6",
  "name":"HIGH_SPEED",
  "label":"HIGH_SPEED",
  "parent":"SeatBeltIndication:39",
  "inspector":{
   "params":[
    "HasOutputData",
    "OutputMonitoringMode",
    "InlineOption",
    "LabelString",
    "DataLogging",
    "TestPoint",
    "NameMode",
    "LoggingName",
    "LimitDataPoints",
    "MaxPoints",
    "DecimateData",
    "Decimation",
    "Description",
    "Document"
   ],
   "values":[
    false,
    "ChildActivity",
    "Auto",
    "HIGH_SPEED",
    false,
    false,
    "SignalName",
    "KEY_ON.SB_UNFASTEN.HIGH_SPEED",
    false,
    5000,
    false,
    2,
    "",
    ""
   ],
   "tabs":[
    "General",
    "Logging",
    "Documentation"
   ],
   "tabs_idx":[
    0,
    4,
    12
   ]
  },
  "viewer":{
   "jshandler":"webview/handlers/ElementHandler"
  },
  "obj_viewer":[
  ],
  "finder":[
  ]
 },
 {
  "sid":"SeatBeltIndication:39:27",
  "className":"Stateflow.State",
  "icon":"SeatBeltIndication6",
  "name":"OFF",
  "label":"OFF",
  "parent":"SeatBeltIndication:39",
  "inspector":{
   "params":[
    "HasOutputData",
    "OutputMonitoringMode",
    "InlineOption",
    "LabelString",
    "DataLogging",
    "TestPoint",
    "NameMode",
    "LoggingName",
    "LimitDataPoints",
    "MaxPoints",
    "DecimateData",
    "Decimation",
    "Description",
    "Document"
   ],
   "values":[
    false,
    "SelfActivity",
    "Auto",
    "OFF\nentry: SeatBeltIcon=0;",
    false,
    false,
    "SignalName",
    "KEY_ON.SB_UNFASTEN.HIGH_SPEED.OFF",
    false,
    5000,
    false,
    2,
    "",
    ""
   ],
   "tabs":[
    "General",
    "Logging",
    "Documentation"
   ],
   "tabs_idx":[
    0,
    4,
    12
   ]
  },
  "viewer":{
   "jshandler":"webview/handlers/ElementHandler"
  },
  "obj_viewer":[
  ],
  "finder":[
  ]
 },
 {
  "sid":"SeatBeltIndication:39:28",
  "className":"Stateflow.State",
  "icon":"SeatBeltIndication6",
  "name":"ON",
  "label":"ON",
  "parent":"SeatBeltIndication:39",
  "inspector":{
   "params":[
    "HasOutputData",
    "OutputMonitoringMode",
    "InlineOption",
    "LabelString",
    "DataLogging",
    "TestPoint",
    "NameMode",
    "LoggingName",
    "LimitDataPoints",
    "MaxPoints",
    "DecimateData",
    "Decimation",
    "Description",
    "Document"
   ],
   "values":[
    false,
    "SelfActivity",
    "Auto",
    "ON\nentry: SeatBeltIcon=1;",
    false,
    false,
    "SignalName",
    "KEY_ON.SB_UNFASTEN.HIGH_SPEED.ON",
    false,
    5000,
    false,
    2,
    "",
    ""
   ],
   "tabs":[
    "General",
    "Logging",
    "Documentation"
   ],
   "tabs_idx":[
    0,
    4,
    12
   ]
  },
  "viewer":{
   "jshandler":"webview/handlers/ElementHandler"
  },
  "obj_viewer":[
  ],
  "finder":[
  ]
 },
 {
  "sid":"SeatBeltIndication:39:40",
  "className":"Stateflow.Transition",
  "icon":"SeatBeltIndication7",
  "name":"",
  "label":"[after(BLINK_TIME,sec)]",
  "parent":"SeatBeltIndication:39",
  "inspector":{
   "params":[
    "ExecutionOrder",
    "isVariant",
    "LabelString",
    "Description",
    "Document"
   ],
   "values":[
    1,
    false,
    "[after(BLINK_TIME,sec)]",
    "",
    ""
   ],
   "tabs":[
    "Parameter Attributes"
   ],
   "tabs_idx":0
  },
  "viewer":{
   "jshandler":"webview/handlers/ElementHandler"
  },
  "obj_viewer":[
  ],
  "finder":[
  ]
 },
 {
  "sid":"SeatBeltIndication:39:39",
  "className":"Stateflow.Transition",
  "icon":"SeatBeltIndication7",
  "name":"",
  "label":"",
  "parent":"SeatBeltIndication:39",
  "inspector":{
   "params":[
    "ExecutionOrder",
    "isVariant",
    "LabelString",
    "Description",
    "Document"
   ],
   "values":[
    1,
    false,
    "",
    "",
    ""
   ],
   "tabs":[
    "Parameter Attributes"
   ],
   "tabs_idx":0
  },
  "viewer":{
   "jshandler":"webview/handlers/ElementHandler"
  },
  "obj_viewer":[
  ],
  "finder":[
  ]
 },
 {
  "sid":"SeatBeltIndication:39:41",
  "className":"Stateflow.Transition",
  "icon":"SeatBeltIndication7",
  "name":"",
  "label":"[after(BLINK_TIME,sec)]",
  "parent":"SeatBeltIndication:39",
  "inspector":{
   "params":[
    "ExecutionOrder",
    "isVariant",
    "LabelString",
    "Description",
    "Document"
   ],
   "values":[
    1,
    false,
    "[after(BLINK_TIME,sec)]",
    "",
    ""
   ],
   "tabs":[
    "Parameter Attributes"
   ],
   "tabs_idx":0
  },
  "viewer":{
   "jshandler":"webview/handlers/ElementHandler"
  },
  "obj_viewer":[
  ],
  "finder":[
  ]
 },
 {
  "sid":"SeatBeltIndication:39:24",
  "className":"Stateflow.State",
  "icon":"SeatBeltIndication6",
  "name":"LOW_SPEED",
  "label":"LOW_SPEED",
  "parent":"SeatBeltIndication:39",
  "inspector":{
   "params":[
    "HasOutputData",
    "OutputMonitoringMode",
    "InlineOption",
    "LabelString",
    "DataLogging",
    "TestPoint",
    "NameMode",
    "LoggingName",
    "LimitDataPoints",
    "MaxPoints",
    "DecimateData",
    "Decimation",
    "Description",
    "Document"
   ],
   "values":[
    false,
    "SelfActivity",
    "Auto",
    "LOW_SPEED\nentry: SeatBeltIcon = 1;",
    false,
    false,
    "SignalName",
    "KEY_ON.SB_UNFASTEN.LOW_SPEED",
    false,
    5000,
    false,
    2,
    "",
    ""
   ],
   "tabs":[
    "General",
    "Logging",
    "Documentation"
   ],
   "tabs_idx":[
    0,
    4,
    12
   ]
  },
  "viewer":{
   "jshandler":"webview/handlers/ElementHandler"
  },
  "obj_viewer":[
  ],
  "finder":[
  ]
 },
 {
  "sid":"SeatBeltIndication:39:38",
  "className":"Stateflow.Transition",
  "icon":"SeatBeltIndication7",
  "name":"",
  "label":"[Speed <= SPEED_LIMIT]",
  "parent":"SeatBeltIndication:39",
  "inspector":{
   "params":[
    "ExecutionOrder",
    "isVariant",
    "LabelString",
    "Description",
    "Document"
   ],
   "values":[
    1,
    false,
    "[Speed <= SPEED_LIMIT]",
    "",
    ""
   ],
   "tabs":[
    "Parameter Attributes"
   ],
   "tabs_idx":0
  },
  "viewer":{
   "jshandler":"webview/handlers/ElementHandler"
  },
  "obj_viewer":[
  ],
  "finder":[
  ]
 },
 {
  "sid":"SeatBeltIndication:39:37",
  "className":"Stateflow.Transition",
  "icon":"SeatBeltIndication7",
  "name":"",
  "label":"[Speed > SPEED_LIMIT]",
  "parent":"SeatBeltIndication:39",
  "inspector":{
   "params":[
    "ExecutionOrder",
    "isVariant",
    "LabelString",
    "Description",
    "Document"
   ],
   "values":[
    1,
    false,
    "[Speed > SPEED_LIMIT]",
    "",
    ""
   ],
   "tabs":[
    "Parameter Attributes"
   ],
   "tabs_idx":0
  },
  "viewer":{
   "jshandler":"webview/handlers/ElementHandler"
  },
  "obj_viewer":[
  ],
  "finder":[
  ]
 },
 {
  "sid":"SeatBeltIndication:39:25",
  "className":"Stateflow.Transition",
  "icon":"SeatBeltIndication7",
  "name":"",
  "label":"",
  "parent":"SeatBeltIndication:39",
  "inspector":{
   "params":[
    "ExecutionOrder",
    "isVariant",
    "LabelString",
    "Description",
    "Document"
   ],
   "values":[
    1,
    false,
    "",
    "",
    ""
   ],
   "tabs":[
    "Parameter Attributes"
   ],
   "tabs_idx":0
  },
  "viewer":{
   "jshandler":"webview/handlers/ElementHandler"
  },
  "obj_viewer":[
  ],
  "finder":[
  ]
 },
 {
  "sid":"SeatBeltIndication:39:36",
  "className":"Stateflow.Transition",
  "icon":"SeatBeltIndication7",
  "name":"",
  "label":"[SeatBeltFasten == 0]",
  "parent":"SeatBeltIndication:39",
  "inspector":{
   "params":[
    "ExecutionOrder",
    "isVariant",
    "LabelString",
    "Description",
    "Document"
   ],
   "values":[
    1,
    false,
    "[SeatBeltFasten == 0]",
    "",
    ""
   ],
   "tabs":[
    "Parameter Attributes"
   ],
   "tabs_idx":0
  },
  "viewer":{
   "jshandler":"webview/handlers/ElementHandler"
  },
  "obj_viewer":[
  ],
  "finder":[
  ]
 },
 {
  "sid":"SeatBeltIndication:39:35",
  "className":"Stateflow.Transition",
  "icon":"SeatBeltIndication7",
  "name":"",
  "label":"[SeatBeltFasten == 1]",
  "parent":"SeatBeltIndication:39",
  "inspector":{
   "params":[
    "ExecutionOrder",
    "isVariant",
    "LabelString",
    "Description",
    "Document"
   ],
   "values":[
    1,
    false,
    "[SeatBeltFasten == 1]",
    "",
    ""
   ],
   "tabs":[
    "Parameter Attributes"
   ],
   "tabs_idx":0
  },
  "viewer":{
   "jshandler":"webview/handlers/ElementHandler"
  },
  "obj_viewer":[
  ],
  "finder":[
  ]
 },
 {
  "sid":"SeatBeltIndication:39:32",
  "className":"Stateflow.Transition",
  "icon":"SeatBeltIndication7",
  "name":"",
  "label":"",
  "parent":"SeatBeltIndication:39",
  "inspector":{
   "params":[
    "ExecutionOrder",
    "isVariant",
    "LabelString",
    "Description",
    "Document"
   ],
   "values":[
    2,
    false,
    "",
    "",
    ""
   ],
   "tabs":[
    "Parameter Attributes"
   ],
   "tabs_idx":0
  },
  "viewer":{
   "jshandler":"webview/handlers/ElementHandler"
  },
  "obj_viewer":[
  ],
  "finder":[
  ]
 },
 {
  "sid":"SeatBeltIndication:39:31",
  "className":"Stateflow.Transition",
  "icon":"SeatBeltIndication7",
  "name":"",
  "label":"[SeatBeltFasten == 1]",
  "parent":"SeatBeltIndication:39",
  "inspector":{
   "params":[
    "ExecutionOrder",
    "isVariant",
    "LabelString",
    "Description",
    "Document"
   ],
   "values":[
    1,
    false,
    "[SeatBeltFasten == 1]",
    "",
    ""
   ],
   "tabs":[
    "Parameter Attributes"
   ],
   "tabs_idx":0
  },
  "viewer":{
   "jshandler":"webview/handlers/ElementHandler"
  },
  "obj_viewer":[
  ],
  "finder":[
  ]
 },
 {
  "sid":"SeatBeltIndication:39:13",
  "className":"Stateflow.Transition",
  "icon":"SeatBeltIndication7",
  "name":"",
  "label":"",
  "parent":"SeatBeltIndication:39",
  "inspector":{
   "params":[
    "ExecutionOrder",
    "isVariant",
    "LabelString",
    "Description",
    "Document"
   ],
   "values":[
    1,
    false,
    "",
    "",
    ""
   ],
   "tabs":[
    "Parameter Attributes"
   ],
   "tabs_idx":0
  },
  "viewer":{
   "jshandler":"webview/handlers/ElementHandler"
  },
  "obj_viewer":[
  ],
  "finder":[
  ]
 },
 {
  "sid":"SeatBeltIndication:39:10",
  "className":"Stateflow.State",
  "icon":"SeatBeltIndication6",
  "name":"KEY_CRANK",
  "label":"KEY_CRANK",
  "parent":"SeatBeltIndication:39",
  "inspector":{
   "params":[
    "HasOutputData",
    "OutputMonitoringMode",
    "InlineOption",
    "LabelString",
    "DataLogging",
    "TestPoint",
    "NameMode",
    "LoggingName",
    "LimitDataPoints",
    "MaxPoints",
    "DecimateData",
    "Decimation",
    "Description",
    "Document"
   ],
   "values":[
    false,
    "SelfActivity",
    "Auto",
    "KEY_CRANK\nentry: SeatBeltIcon=1;",
    false,
    false,
    "SignalName",
    "KEY_CRANK",
    false,
    5000,
    false,
    2,
    "",
    ""
   ],
   "tabs":[
    "General",
    "Logging",
    "Documentation"
   ],
   "tabs_idx":[
    0,
    4,
    12
   ]
  },
  "viewer":{
   "jshandler":"webview/handlers/ElementHandler"
  },
  "obj_viewer":[
  ],
  "finder":[
  ]
 },
 {
  "sid":"SeatBeltIndication:39:8",
  "className":"Stateflow.State",
  "icon":"SeatBeltIndication6",
  "name":"KEY_OFF",
  "label":"KEY_OFF",
  "parent":"SeatBeltIndication:39",
  "inspector":{
   "params":[
    "HasOutputData",
    "OutputMonitoringMode",
    "InlineOption",
    "LabelString",
    "DataLogging",
    "TestPoint",
    "NameMode",
    "LoggingName",
    "LimitDataPoints",
    "MaxPoints",
    "DecimateData",
    "Decimation",
    "Description",
    "Document"
   ],
   "values":[
    false,
    "SelfActivity",
    "Auto",
    "KEY_OFF\nentry: SeatBeltIcon=0;\n",
    false,
    false,
    "SignalName",
    "KEY_OFF",
    false,
    5000,
    false,
    2,
    "",
    ""
   ],
   "tabs":[
    "General",
    "Logging",
    "Documentation"
   ],
   "tabs_idx":[
    0,
    4,
    12
   ]
  },
  "viewer":{
   "jshandler":"webview/handlers/ElementHandler"
  },
  "obj_viewer":[
  ],
  "finder":[
  ]
 },
 {
  "sid":"SeatBeltIndication:39:21",
  "className":"Stateflow.Transition",
  "icon":"SeatBeltIndication7",
  "name":"",
  "label":"[KEY == 1]",
  "parent":"SeatBeltIndication:39",
  "inspector":{
   "params":[
    "ExecutionOrder",
    "isVariant",
    "LabelString",
    "Description",
    "Document"
   ],
   "values":[
    1,
    false,
    "[KEY == 1]",
    "",
    ""
   ],
   "tabs":[
    "Parameter Attributes"
   ],
   "tabs_idx":0
  },
  "viewer":{
   "jshandler":"webview/handlers/ElementHandler"
  },
  "obj_viewer":[
  ],
  "finder":[
  ]
 },
 {
  "sid":"SeatBeltIndication:39:20",
  "className":"Stateflow.Transition",
  "icon":"SeatBeltIndication7",
  "name":"",
  "label":"[KEY == 2]",
  "parent":"SeatBeltIndication:39",
  "inspector":{
   "params":[
    "ExecutionOrder",
    "isVariant",
    "LabelString",
    "Description",
    "Document"
   ],
   "values":[
    2,
    false,
    "[KEY == 2]",
    "",
    ""
   ],
   "tabs":[
    "Parameter Attributes"
   ],
   "tabs_idx":0
  },
  "viewer":{
   "jshandler":"webview/handlers/ElementHandler"
  },
  "obj_viewer":[
  ],
  "finder":[
  ]
 },
 {
  "sid":"SeatBeltIndication:39:18",
  "className":"Stateflow.Transition",
  "icon":"SeatBeltIndication7",
  "name":"",
  "label":"[KEY==1]",
  "parent":"SeatBeltIndication:39",
  "inspector":{
   "params":[
    "ExecutionOrder",
    "isVariant",
    "LabelString",
    "Description",
    "Document"
   ],
   "values":[
    1,
    false,
    "[KEY==1]",
    "",
    ""
   ],
   "tabs":[
    "Parameter Attributes"
   ],
   "tabs_idx":0
  },
  "viewer":{
   "jshandler":"webview/handlers/ElementHandler"
  },
  "obj_viewer":[
  ],
  "finder":[
  ]
 },
 {
  "sid":"SeatBeltIndication:39:19",
  "className":"Stateflow.Transition",
  "icon":"SeatBeltIndication7",
  "name":"",
  "label":"[KEY == 0]",
  "parent":"SeatBeltIndication:39",
  "inspector":{
   "params":[
    "ExecutionOrder",
    "isVariant",
    "LabelString",
    "Description",
    "Document"
   ],
   "values":[
    1,
    false,
    "[KEY == 0]",
    "",
    ""
   ],
   "tabs":[
    "Parameter Attributes"
   ],
   "tabs_idx":0
  },
  "viewer":{
   "jshandler":"webview/handlers/ElementHandler"
  },
  "obj_viewer":[
  ],
  "finder":[
  ]
 },
 {
  "sid":"SeatBeltIndication:39:9",
  "className":"Stateflow.Transition",
  "icon":"SeatBeltIndication7",
  "name":"",
  "label":"",
  "parent":"SeatBeltIndication:39",
  "inspector":{
   "params":[
    "ExecutionOrder",
    "isVariant",
    "LabelString",
    "Description",
    "Document"
   ],
   "values":[
    1,
    false,
    "",
    "",
    ""
   ],
   "tabs":[
    "Parameter Attributes"
   ],
   "tabs_idx":0
  },
  "viewer":{
   "jshandler":"webview/handlers/ElementHandler"
  },
  "obj_viewer":[
  ],
  "finder":[
  ]
 }
]