[
 {
  "hid":1,
  "sid":"SeatBeltIndication",
  "esid":"",
  "parent":0,
  "children":[
   2
  ],
  "name":"SeatBeltIndication",
  "fullname":"SeatBeltIndication",
  "label":"SeatBeltIndication",
  "icon":"SeatBeltIndication0",
  "svg":"support/slwebview_files/SeatBeltIndication_d.svg",
  "thumbnail":"support/slwebview_files/SeatBeltIndication_d.png",
  "backingUrl":"support/slwebview_files/SeatBeltIndication_d.json",
  "elements":[
   ":11",
   ":12",
   ":24",
   ":13",
   ":2",
   ":3",
   ":4",
   ":5",
   ":9",
   ":10",
   ":23",
   ":30",
   ":30#out:1",
   ":2#out:1",
   ":3#out:1",
   ":4#out:1",
   ":9#out:1",
   ":10#out:1",
   ":23#out:1"
  ],
  "sameAsElement":false
 },
 {
  "hid":2,
  "sid":"SeatBeltIndication:30",
  "esid":"SeatBeltIndication:30",
  "parent":1,
  "children":[
   3
  ],
  "name":"SeatBeltIndication",
  "fullname":"SeatBeltIndication/SeatBeltIndication",
  "label":"SeatBeltIndication",
  "icon":"SeatBeltIndication3",
  "svg":"support/slwebview_files/SeatBeltIndication_30_d.svg",
  "thumbnail":"support/slwebview_files/SeatBeltIndication_30_d.png",
  "backingUrl":"support/slwebview_files/SeatBeltIndication_30_d.json",
  "elements":[
   ":32",
   ":39",
   ":34",
   ":35",
   ":36",
   ":37",
   ":38",
   ":40",
   ":35#out:1",
   ":38#out:1",
   ":37#out:1",
   ":36#out:1",
   ":34#out:1",
   ":39#out:1"
  ],
  "sameAsElement":true
 },
 {
  "hid":3,
  "sid":"SeatBeltIndication:39",
  "esid":"SeatBeltIndication:39",
  "parent":2,
  "children":[
  ],
  "name":"SeatBeltIndication_StateFlow",
  "fullname":"SeatBeltIndication/SeatBeltIndication/SeatBeltIndication_StateFlow",
  "label":"SeatBeltIndication_StateFlow",
  "icon":"SeatBeltIndication5",
  "svg":"support/slwebview_files/SeatBeltIndication_39_d.svg",
  "thumbnail":"support/slwebview_files/SeatBeltIndication_39_d.png",
  "backingUrl":"support/slwebview_files/SeatBeltIndication_39_d.json",
  "elements":[
   ":39:11",
   ":39:22",
   ":39:23",
   ":39:26",
   ":39:27",
   ":39:28",
   ":39:40",
   ":39:39",
   ":39:41",
   ":39:24",
   ":39:38",
   ":39:37",
   ":39:25",
   ":39:36",
   ":39:35",
   ":39:32",
   ":39:31",
   ":39:13",
   ":39:10",
   ":39:8",
   ":39:21",
   ":39:20",
   ":39:18",
   ":39:19",
   ":39:9"
  ],
  "sameAsElement":false
 }
]